,City,Cloudiness,Country,Date,Humidity,Latitude,Longitude,Temperature,Wind Speed
0,norman wells,90,CA,1578774781,70,65.28,-126.83,-2.2,10.29
1,lara,90,AU,1578774781,93,-38.02,144.4,56.26,8.05
2,east london,78,ZA,1578774781,89,-33.02,27.91,74.37,10.33
3,hobart,75,AU,1578774648,54,-42.88,147.33,55.62,5.82
4,rikitea,20,PF,1578774781,80,-23.12,-134.97,75.7,18.63
5,los llanos de aridane,75,ES,1578774781,68,28.66,-17.92,60.55,14.99
6,hami,0,CN,1578774781,53,42.8,93.45,13.48,5.32
7,barrow,40,US,1578774782,75,71.29,-156.79,-18.4,19.46
8,faanui,72,PF,1578774782,79,-16.48,-151.75,81.64,19.73
9,kahului,75,US,1578774687,88,20.89,-156.47,71.8,17.22
10,khani,75,GE,1578774782,93,41.96,42.96,39.2,4.7
11,inirida,41,CO,1578774782,51,3.87,-67.92,89.71,3.38
12,sibut,5,CF,1578774782,31,5.72,19.07,73.98,2.33
13,kitgum,46,UG,1578774783,28,3.28,32.89,73.09,1.25
14,joshimath,38,IN,1578774783,44,30.57,79.57,32.63,10.25
15,bayan,100,CN,1578774783,99,46.08,127.4,-10.07,5.7
16,nikolskoye,100,RU,1578774783,45,59.7,30.79,32.7,4.47
17,port augusta,0,AU,1578774783,72,-32.5,137.77,58.23,12.75
18,avarua,8,CK,1578774784,94,-21.21,-159.78,78.8,16.11
19,carnarvon,43,AU,1578774784,74,-24.87,113.63,78.8,9.17
20,punta arenas,90,CL,1578774784,81,-53.15,-70.92,53.28,6.93
21,bluff,39,NZ,1578774784,57,-46.6,168.33,64.0,5.99
22,dikson,100,RU,1578774784,96,73.51,80.55,1.74,9.31
23,karratha,100,AU,1578774784,68,-20.74,116.85,84.33,11.14
24,sitka,1,US,1578774784,52,57.05,-135.33,16.56,9.17
25,yerbogachen,100,RU,1578774785,94,61.28,108.01,-4.9,12.1
26,ponta do sol,75,PT,1578774785,59,32.67,-17.1,57.81,12.75
27,yicheng,0,CN,1578774785,76,31.37,119.87,38.23,1.01
28,hilo,40,US,1578774783,74,19.73,-155.09,72.23,10.29
29,vaini,40,TO,1578774785,78,-21.2,-175.2,82.4,9.17
30,ushuaia,75,AR,1578774614,66,-54.8,-68.3,53.6,20.8
31,ancud,75,CL,1578774786,72,-41.87,-73.82,62.6,6.93
32,albany,75,US,1578774684,55,42.6,-73.97,61.68,21.92
33,forest grove,75,US,1578774548,74,45.52,-123.11,43.7,6.93
34,vostok,100,RU,1578774786,97,46.49,135.88,-7.83,4.63
35,jalpan,99,MX,1578774786,64,21.23,-99.48,62.37,7.05
36,esperance,0,AU,1578774786,77,-33.87,121.9,60.8,14.99
37,tura,0,IN,1578774787,76,25.52,90.22,56.61,3.87
38,tarauaca,0,BR,1578774787,58,-8.16,-70.77,87.19,2.46
39,severo-kurilsk,100,RU,1578774787,90,50.68,156.12,18.75,15.37
40,lebu,0,CL,1578774787,55,-37.62,-73.65,67.1,11.52
41,felanitx,20,ES,1578774787,93,39.47,3.15,46.36,6.98
42,sambava,81,MG,1578774788,91,-14.27,50.17,71.37,2.1
43,cape town,0,ZA,1578774526,82,-33.93,18.42,68.25,11.41
44,evensk,100,RU,1578774788,95,61.95,159.23,-5.76,9.22
45,hvolsvollur,82,IS,1578774788,94,63.75,-20.22,26.01,8.01
46,okhotsk,100,RU,1578774788,84,59.38,143.3,-10.88,8.59
47,khatanga,100,RU,1578774788,90,71.97,102.5,8.83,11.27
48,paragominas,89,BR,1578774789,94,-2.97,-47.48,77.02,3.47
49,dunedin,22,NZ,1578774789,63,-45.87,170.5,64.0,8.99
50,mataura,35,NZ,1578774789,57,-46.19,168.86,64.0,5.99
51,souillac,40,MU,1578774789,88,-20.52,57.52,77.72,8.05
52,atuona,0,PF,1578774790,74,-9.8,-139.03,81.05,16.89
53,butaritari,96,KI,1578774790,77,3.07,172.79,83.41,11.83
54,new norfolk,75,AU,1578774790,54,-42.78,147.06,55.76,5.82
55,hay river,40,CA,1578774790,73,60.82,-115.8,-29.2,2.24
56,busselton,0,AU,1578774790,35,-33.65,115.33,56.68,7.43
57,yuksekova,0,TR,1578774790,73,37.57,44.29,23.0,6.93
58,luganville,90,VU,1578774790,94,-15.53,167.17,78.8,6.64
59,vila franca do campo,20,PT,1578774791,71,37.72,-25.43,55.4,9.17
60,turayf,1,SA,1578774791,93,31.67,38.66,39.2,2.24
61,port alfred,0,ZA,1578774791,91,-33.59,26.89,69.01,1.01
62,luderitz,0,NA,1578774791,82,-26.65,15.16,64.4,17.22
63,jamestown,90,US,1578774495,87,42.1,-79.24,58.5,9.17
64,georgetown,20,MY,1578774566,94,5.41,100.34,77.29,1.77
65,ashqelon,100,IL,1578774792,87,31.67,34.57,49.62,5.82
66,axim,0,GH,1578774792,82,4.87,-2.24,78.66,3.06
67,askino,99,RU,1578774792,95,56.09,56.58,15.37,12.03
68,rio grande,75,BR,1578774792,62,-32.03,-52.1,82.22,11.41
69,matara,0,LK,1578774792,86,5.95,80.54,73.65,7.27
70,flinders,90,AU,1578774793,100,-34.58,150.86,64.67,5.82
71,rio gallegos,75,AR,1578774703,39,-51.62,-69.22,62.6,21.92
72,tuktoyaktuk,75,CA,1578774793,75,69.45,-133.04,-14.8,11.41
73,lima,40,PE,1578774493,73,-12.04,-77.03,73.4,9.17
74,yellowknife,20,CA,1578774793,65,62.46,-114.35,-38.2,3.36
75,hualmay,5,PE,1578774793,62,-11.1,-77.61,75.54,12.37
76,princeton,90,US,1578774600,74,25.54,-80.41,80.91,14.99
77,puerto ayora,75,EC,1578774794,58,-0.74,-90.35,81.59,17.22
78,bengkulu,100,ID,1578774794,91,-3.8,102.27,71.55,3.2
79,namatanai,100,PG,1578774794,82,-3.67,152.43,81.75,12.68
80,surt,0,LY,1578774794,51,31.21,16.59,54.61,13.89
81,pilar,20,BR,1578774794,58,-9.6,-35.96,84.2,12.75
82,tuatapere,45,NZ,1578774794,57,-46.13,167.68,64.0,5.99
83,mandalgovi,0,MN,1578774795,93,45.76,106.27,-4.22,6.29
84,saldanha,0,ZA,1578774795,83,-33.01,17.94,65.86,14.61
85,umm lajj,0,SA,1578774795,32,25.02,37.27,55.81,8.95
86,mar del plata,0,AR,1578774588,42,-38.0,-57.56,76.48,13.87
87,shizunai,33,JP,1578774795,82,42.33,142.37,21.74,2.28
88,iwanai,100,JP,1578774795,92,42.97,140.51,26.44,6.24
89,victoria,20,HK,1578774796,63,22.29,114.16,60.15,12.75
90,narsaq,5,GL,1578774796,37,60.92,-46.05,1.4,5.82
91,jinchang,97,CN,1578774796,61,38.5,102.17,9.86,7.61
92,hofn,100,IS,1578774796,56,64.25,-15.21,34.92,29.97
93,oussouye,100,SN,1578774796,83,12.48,-16.55,77.0,2.24
94,ojinaga,1,MX,1578774796,22,29.57,-104.42,57.2,10.29
95,marzuq,57,YE,1578774796,37,14.4,46.47,61.56,7.23
96,klaksvik,90,FO,1578774797,62,62.23,-6.59,32.0,19.46
97,porto walter,62,BR,1578774797,51,-8.27,-72.74,88.43,5.41
98,hithadhoo,100,MV,1578774797,76,-0.6,73.08,82.51,18.92
99,sulangan,64,PH,1578774797,80,11.14,123.72,80.11,15.41
100,cleveland,90,US,1578774797,52,41.5,-81.7,66.7,17.22
101,sola,100,VU,1578774797,76,-13.88,167.55,81.32,24.18
102,ahipara,0,NZ,1578774797,90,-35.17,173.17,70.0,1.01
103,vardo,90,NO,1578774798,92,70.37,31.11,24.8,8.05
104,poum,100,NC,1578774798,83,-20.23,164.02,78.46,27.67
105,husavik,83,IS,1578774798,63,66.04,-17.34,26.6,24.16
106,qaanaaq,0,GL,1578774798,43,77.48,-69.36,-12.1,4.99
107,hermanus,0,ZA,1578774798,93,-34.42,19.23,67.1,1.01
108,katsuura,75,JP,1578774798,80,35.13,140.3,37.17,6.93
109,mount gambier,90,AU,1578774799,87,-37.83,140.77,57.2,6.93
110,hutchinson,1,US,1578774799,63,38.06,-97.93,28.24,6.93
111,kapaa,75,US,1578774799,83,22.08,-159.32,74.64,4.7
112,bethel,90,US,1578774799,59,41.37,-73.41,60.1,12.75
113,saint-philippe,99,RE,1578774799,88,-21.36,55.77,72.18,17.22
114,presidencia roque saenz pena,100,AR,1578774800,39,-26.79,-60.44,97.72,8.05
115,emerald,92,AU,1578774800,65,-23.53,148.17,79.59,5.82
116,sitio novo do tocantins,75,BR,1578774800,88,-5.52,-47.46,82.4,8.05
117,katangli,99,RU,1578774800,89,51.71,143.23,3.9,2.53
118,florianopolis,40,BR,1578774708,78,-27.61,-48.5,78.57,16.11
119,hervey bay,40,AU,1578774800,88,-25.3,152.85,75.63,6.82
120,tecoanapa,23,MX,1578774800,37,16.52,-98.75,92.66,10.38
121,moyale,0,KE,1578774801,54,3.52,39.06,76.48,1.95
122,nemuro,0,JP,1578774801,82,43.32,145.57,31.57,6.02
123,pochutla,5,MX,1578774801,58,15.74,-96.47,87.8,7.02
124,portland,90,US,1578774763,70,45.52,-122.68,43.74,13.87
125,santa cruz de tenerife,75,ES,1578774802,87,28.47,-16.25,59.56,13.87
126,cidreira,59,BR,1578774802,76,-30.18,-50.21,79.14,4.63
127,isabela,100,PH,1578774802,88,6.71,121.97,72.61,2.35
128,viedma,0,AR,1578774802,31,-40.81,-63.0,73.69,13.65
129,qaqortoq,5,GL,1578774802,37,60.72,-46.03,1.4,5.82
130,kuvshinovo,42,RU,1578774803,76,57.03,34.17,27.79,6.31
131,ulundi,100,ZA,1578774803,97,-28.34,31.42,68.32,3.33
132,upernavik,100,GL,1578774803,60,72.79,-56.15,-8.25,4.5
133,kutum,49,SD,1578774803,20,14.2,24.67,53.85,8.48
134,anahuac,5,MX,1578774803,20,27.23,-100.15,68.0,17.22
135,otradnoye,98,RU,1578774596,46,59.78,30.82,32.7,4.47
136,kamenka,100,RU,1578774804,97,51.32,42.77,30.99,4.0
137,magadan,0,RU,1578774585,71,59.57,150.8,-7.83,8.01
138,ramsi,100,EE,1578774804,78,58.31,25.54,31.3,16.11
139,port elizabeth,0,ZA,1578774533,83,-33.92,25.57,71.6,9.17
140,castro,100,BR,1578774577,82,-24.79,-50.01,76.6,3.85
141,dukat,100,RU,1578774805,97,62.55,155.55,-25.91,5.06
142,alice springs,90,AU,1578774805,46,-23.7,133.88,73.4,10.29
143,abu dhabi,20,AE,1578774608,52,24.47,54.37,64.4,14.99
144,altay,39,CN,1578774805,52,47.87,88.12,2.89,4.7
145,bredasdorp,0,ZA,1578774805,93,-34.53,20.04,66.0,1.01
146,pisco,9,PE,1578774805,30,-13.7,-76.22,71.82,13.87
147,buta,100,CD,1578774806,38,2.79,24.73,68.61,1.86
148,asau,56,RO,1578774806,80,46.43,26.4,41.0,5.82
149,inuvik,90,CA,1578774806,75,68.35,-133.72,-20.6,2.24
150,goderich,100,CA,1578774806,93,43.75,-81.72,33.89,7.0
151,kieta,100,PG,1578774806,82,-6.22,155.63,79.75,9.13
152,pauini,93,BR,1578774806,83,-7.71,-66.98,82.54,1.57
153,kothi,0,IN,1578774806,53,24.75,80.78,49.23,0.09
154,san cristobal,40,VE,1578774783,48,7.77,-72.22,86.0,6.93
155,gorin,1,RU,1578774807,92,51.2,136.67,-5.66,1.66
156,kargopol,100,RU,1578774807,95,61.51,38.95,25.5,8.81
157,isiolo,0,KE,1578774807,69,0.35,37.58,73.4,1.95
158,ilhabela,83,BR,1578774807,81,-23.78,-45.36,82.38,12.48
159,haimen,58,CN,1578774808,71,23.19,116.61,55.4,6.71
160,muroto,100,JP,1578774808,87,33.28,134.15,45.41,1.16
161,isoka,100,ZM,1578774808,97,-10.16,32.63,62.83,2.62
162,port blair,0,IN,1578774719,78,11.67,92.75,78.89,14.63
163,shingu,59,JP,1578774808,67,33.73,135.98,49.48,6.82
164,ixtapa,5,MX,1578774680,50,20.7,-105.2,78.91,6.93
165,ponta delgada,20,PT,1578774808,71,37.73,-25.67,55.4,9.17
166,thompson,40,CA,1578774809,75,55.74,-97.86,-14.8,2.24
167,nantucket,40,US,1578774689,87,41.28,-70.1,53.1,17.22
168,atar,100,MR,1578774809,17,20.52,-13.05,56.64,6.71
169,poya,92,NC,1578774809,77,-21.35,165.15,78.76,8.41
170,fairbanks,0,US,1578774541,65,64.84,-147.72,-28.1,1.57
171,oum hadjer,66,TD,1578774810,16,13.3,19.7,74.37,14.81
172,male,40,MV,1578774810,74,4.17,73.51,82.4,18.34
173,guilin,40,CN,1578774810,100,25.28,110.29,39.2,2.24
174,lavrentiya,100,RU,1578774810,95,65.58,-171.0,8.49,10.0
175,dauphin,1,CA,1578774810,70,51.15,-100.05,-2.2,10.29
176,vestmannaeyjar,79,IS,1578774810,80,63.44,-20.27,31.28,25.84
177,te anau,62,NZ,1578774811,76,-45.42,167.72,49.95,7.4
178,torbay,90,CA,1578774811,89,47.67,-52.73,33.1,11.41
179,grindavik,75,IS,1578774811,92,63.84,-22.43,24.8,8.05
180,tautira,90,PF,1578774811,66,-17.73,-149.15,84.09,6.93
181,tupaciguara,40,BR,1578774811,69,-18.59,-48.7,80.6,2.24
182,ribeira grande,75,PT,1578774812,66,38.52,-28.7,55.4,9.17
183,kushmurun,8,KZ,1578774812,93,52.45,64.63,1.72,7.99
184,dingle,14,PH,1578774812,86,11.0,122.67,72.27,8.43
185,komsomolskiy,100,UZ,1578774812,80,40.43,71.72,34.72,4.7
186,vila velha,93,BR,1578774812,70,-20.33,-40.29,84.09,17.22
187,prince rupert,90,CA,1578774659,92,54.32,-130.32,28.4,3.36
188,ornskoldsvik,99,SE,1578774813,84,63.29,18.72,35.6,4.7
189,floro,100,NO,1578774813,75,61.6,5.03,41.68,18.34
190,padang,100,ID,1578774813,91,-0.95,100.35,66.83,2.26
191,corner brook,90,CA,1578774813,80,48.97,-57.95,32.56,9.17
192,pyu,12,MM,1578774813,72,18.48,96.43,61.11,5.95
193,heihe,0,CN,1578774813,64,50.24,127.49,-0.4,4.47
194,ayagoz,99,KZ,1578774814,80,47.97,80.44,12.13,3.49
195,maniitsoq,100,GL,1578774814,51,65.42,-52.9,9.19,17.36
196,victor harbor,20,AU,1578774715,76,-35.57,138.62,57.02,10.29
197,kavieng,100,PG,1578774814,79,-2.57,150.8,83.07,10.56
198,puerto escondido,5,MX,1578774814,79,15.85,-97.07,87.8,9.17
199,mantua,0,IT,1578774814,69,45.17,10.78,38.7,4.7
200,portlethen,65,GB,1578774814,75,57.05,-2.13,41.9,10.29
201,lompoc,1,US,1578774670,58,34.64,-120.46,59.59,13.87
202,contamana,10,PE,1578774815,34,-7.33,-75.02,96.04,7.47
203,san patricio,75,MX,1578774815,74,19.22,-104.7,86.0,6.87
204,fort nelson,75,CA,1578774815,75,58.81,-122.7,-18.4,2.24
205,saskylakh,99,RU,1578774816,94,71.92,114.08,10.0,8.12
206,chokurdakh,60,RU,1578774816,100,70.63,147.92,-29.94,2.37
207,guarapari,93,BR,1578774816,70,-20.67,-40.5,84.07,17.22
208,ballina,90,AU,1578774606,94,-28.87,153.57,69.84,13.87
209,magdalena,20,PH,1578774816,83,14.2,121.43,74.57,2.24
210,nanortalik,33,GL,1578774546,56,60.14,-45.24,17.29,16.78
211,boa vista,40,BR,1578774816,46,2.82,-60.67,89.6,16.11
212,dekar,71,BW,1578774817,65,-21.53,21.93,74.7,6.6
213,pangnirtung,40,CA,1578774817,73,66.15,-65.71,-29.2,1.52
214,kiama,90,AU,1578774817,100,-34.68,150.87,63.0,5.82
215,beringovskiy,96,RU,1578774817,95,63.05,179.32,30.76,27.51
216,maridi,89,SS,1578774817,17,4.92,29.47,70.12,3.8
217,wenshang,0,CN,1578774817,81,35.73,116.5,27.99,4.18
218,caravelas,0,BR,1578774818,84,-17.71,-39.25,79.79,15.32
219,mudbidri,0,IN,1578774818,83,13.08,74.98,75.2,3.36
220,nola,99,IT,1578774818,65,40.92,14.53,46.02,2.24
221,pathanamthitta,13,IN,1578774818,84,9.27,76.78,63.16,5.61
222,itarare,82,BR,1578774818,99,-24.11,-49.33,75.0,3.0
223,provideniya,100,RU,1578774818,95,64.38,-173.3,4.1,12.37
224,formosa,90,AR,1578774819,74,-26.18,-58.18,87.8,12.75
225,ambulu,100,ID,1578774819,78,-8.35,113.61,82.2,14.67
226,ust-karsk,92,RU,1578774819,94,52.7,118.81,-12.32,3.78
227,aljezur,0,PT,1578774819,68,37.32,-8.8,53.65,12.24
228,hasaki,20,JP,1578774820,70,35.73,140.83,31.1,8.05
229,soyo,75,AO,1578774820,88,-6.13,12.37,78.8,4.5
230,bambous virieux,40,MU,1578774820,88,-20.34,57.76,77.76,8.05
231,longyearbyen,0,SJ,1578774820,54,78.22,15.64,3.2,17.22
232,richards bay,38,ZA,1578774820,83,-28.78,32.04,78.12,12.73
233,mogadishu,7,SO,1578774820,86,2.04,45.34,80.92,17.85
234,liku,100,ID,1578774821,96,-0.73,119.89,69.73,4.9
235,zhangye,100,CN,1578774821,65,38.93,100.45,17.94,2.08
236,iqaluit,90,CA,1578774821,67,63.75,-68.51,-22.0,9.17
237,ilulissat,40,GL,1578774821,33,69.22,-51.1,-0.4,8.05
238,aripuana,68,BR,1578774821,89,-9.17,-60.63,82.11,3.18
239,walvis bay,67,NA,1578774667,82,-22.96,14.51,63.46,9.17
240,stratford-upon-avon,90,GB,1578774782,93,52.19,-1.71,49.86,14.99
241,tadine,100,NC,1578774822,86,-21.55,167.88,73.63,13.27
242,amapa,54,BR,1578774822,56,1.0,-52.0,84.22,4.38
243,chumikan,79,RU,1578774822,84,54.72,135.31,-4.52,4.9
244,mahebourg,40,MU,1578774732,88,-20.41,57.7,77.74,8.05
245,kodiak,90,US,1578774822,68,57.79,-152.41,30.2,10.29
246,sao filipe,55,CV,1578774823,74,14.9,-24.5,67.73,19.6
247,danielskuil,0,ZA,1578774823,60,-28.19,23.54,71.42,8.79
248,cabo san lucas,20,MX,1578774602,68,22.89,-109.91,73.29,3.36
249,acapulco,75,MX,1578774757,74,16.86,-99.89,86.0,6.93
250,bethanien,0,NA,1578774823,20,-26.5,17.16,79.99,15.39
251,geraldton,0,AU,1578774635,56,-28.77,114.6,69.8,3.36
252,kalmunai,63,LK,1578774824,81,7.42,81.82,80.1,17.4
253,havelock,90,US,1578774774,69,34.88,-76.9,70.5,16.11
254,homer,1,US,1578774824,66,59.64,-151.55,11.97,4.7
255,isangel,100,VU,1578774824,78,-19.55,169.27,77.76,17.45
256,preobrazheniye,85,RU,1578774824,69,42.9,133.91,10.8,6.6
257,belmonte,0,BR,1578774824,74,-15.86,-38.88,85.08,5.82
258,nuuk,90,GL,1578774780,85,64.18,-51.72,12.09,5.82
259,srednekolymsk,100,RU,1578774825,98,67.45,153.68,-20.58,4.79
260,coahuayana,75,MX,1578774825,38,18.73,-103.68,87.8,6.13
261,newport,90,GB,1578774588,87,51.59,-3.0,50.5,19.46
262,bonthe,0,SL,1578774825,82,7.53,-12.51,80.51,7.45
263,bilma,0,NE,1578774825,21,18.69,12.92,67.08,8.93
264,belozerskoye,98,RU,1578774825,95,55.82,65.58,7.84,8.19
265,samarai,99,PG,1578774826,89,-10.62,150.67,77.11,3.6
266,tres picos,0,MX,1578774826,35,15.87,-93.53,87.64,4.63
267,ucluelet,20,CA,1578774759,60,48.93,-125.55,40.23,10.29
268,moree,69,AU,1578774826,29,-29.47,149.85,66.2,8.05
269,guhagar,0,IN,1578774826,70,17.48,73.19,79.54,10.92
270,megion,90,RU,1578774826,85,61.03,76.11,10.4,11.18
271,calvinia,0,ZA,1578774826,32,-31.47,19.78,74.07,7.9
272,baherden,100,TM,1578774827,63,38.44,57.43,35.64,10.89
273,den helder,90,NL,1578774827,87,52.96,4.76,46.33,28.86
274,harlingen,1,US,1578774827,29,26.19,-97.7,73.31,16.11
275,codrington,27,AU,1578774827,78,-38.27,141.97,59.18,13.15
276,baile olanesti,75,RO,1578774827,100,45.2,24.23,28.08,1.12
277,ambilobe,15,MG,1578774827,88,-13.2,49.05,73.98,4.88
278,menongue,100,AO,1578774828,97,-14.66,17.69,63.19,7.47
279,colinas,100,BR,1578774828,93,-6.03,-44.25,76.62,2.73
280,kodinsk,0,RU,1578774828,96,58.69,99.18,-8.64,4.34
281,naze,75,JP,1578774828,93,28.37,129.48,66.2,16.11
282,tasiilaq,75,GL,1578774828,62,65.61,-37.64,23.0,2.24
283,petropavlovsk-kamchatskiy,0,RU,1578774637,66,53.05,158.65,12.2,11.18
284,arcos,100,BR,1578774829,83,-20.28,-45.54,76.35,7.63
285,dahuk,0,IQ,1578774829,50,36.87,42.99,35.01,5.39
286,aasiaat,0,GL,1578774829,63,68.71,-52.87,-11.7,11.9
287,nome,90,US,1578774829,85,64.5,-165.41,12.2,19.46
288,kovernino,13,RU,1578774829,96,57.13,43.81,14.94,3.18
289,pevek,100,RU,1578774829,96,69.7,170.31,-5.55,5.75
290,sorland,70,NO,1578774830,83,67.67,12.69,43.59,28.05
291,jilib,16,SO,1578774830,85,0.49,42.79,79.03,6.4
292,arraial do cabo,20,BR,1578774830,62,-22.97,-42.03,89.65,14.99
293,eldorado,99,BR,1578774830,65,-23.79,-54.28,90.45,2.71
294,arman,34,RU,1578774726,82,59.7,150.17,-1.97,7.61
295,rawson,0,AR,1578774830,71,-43.3,-65.1,60.28,10.09
296,zhicheng,0,CN,1578774831,87,30.3,111.5,41.0,0.85
297,pop,100,UZ,1578774831,74,40.87,71.11,35.6,4.7
298,san francisco,20,US,1578774809,62,37.77,-122.42,55.54,18.34
299,talnakh,75,RU,1578774786,84,69.49,88.4,8.6,35.79
300,tarrafal,86,CV,1578774831,56,15.28,-23.77,71.6,16.11
301,abha,90,SA,1578774831,70,18.22,42.51,43.74,0.98
302,collinsville,90,US,1578774743,93,38.67,-89.98,34.5,9.17
303,okha,0,RU,1578774725,94,53.57,142.95,-5.12,7.85
304,manaure,20,CO,1578774832,41,11.78,-72.44,91.4,27.51
305,paracuru,40,BR,1578774832,70,-3.41,-39.03,84.18,11.41
306,tromso,40,NO,1578774832,69,69.65,18.96,30.81,25.28
307,hobyo,0,SO,1578774832,86,5.35,48.53,77.36,11.72
308,kaduqli,0,SD,1578774833,18,11.02,29.72,60.53,11.01
309,port hardy,75,CA,1578774833,86,50.7,-127.42,37.4,5.82
310,massakory,23,TD,1578774833,16,13.0,15.73,76.28,14.65
311,porto-vecchio,90,FR,1578774833,93,41.59,9.28,48.74,3.36
312,fortuna,90,US,1578774833,87,40.6,-124.16,48.92,17.22
313,anori,40,BR,1578774834,63,-3.77,-61.64,88.52,2.57
314,asfi,0,MA,1578774834,76,32.3,-9.24,51.93,15.19
315,agirish,99,RU,1578774834,95,61.92,63.02,16.18,5.99
316,banchory,33,GB,1578774834,74,57.05,-2.49,40.98,10.2
317,sioux lookout,40,CA,1578774719,58,50.1,-91.92,-2.2,3.36
318,nhulunbuy,100,AU,1578774834,88,-12.23,136.77,78.8,1.12
319,kavaratti,0,IN,1578774835,70,10.57,72.64,80.92,6.49
320,coffs harbour,90,AU,1578774654,88,-30.3,153.13,68.36,16.11
321,clyde river,75,CA,1578774835,69,70.47,-68.59,-13.0,9.17
322,saint george,1,US,1578774746,38,37.1,-113.58,42.06,4.7
323,mlonggo,100,ID,1578774835,76,-6.53,110.7,81.64,6.6
324,digby,90,CA,1578774835,80,44.62,-65.77,57.0,8.99
325,ranong,66,TH,1578774836,78,9.97,98.63,77.72,4.61
326,north bend,90,US,1578774836,76,43.41,-124.22,47.55,14.99
327,weatherford,40,US,1578774836,69,32.76,-97.8,41.61,13.87
328,masuguru,98,TZ,1578774836,91,-11.37,38.42,74.95,2.19
329,san ramon,1,US,1578774727,58,37.78,-121.98,55.56,12.75
330,meulaboh,69,ID,1578774836,80,4.14,96.13,80.51,7.2
331,tezu,0,IN,1578774837,64,27.92,96.17,50.72,2.53
332,constitucion,0,CL,1578774837,54,-35.33,-72.42,67.41,11.65
333,sinjar,0,IQ,1578774837,62,36.32,41.88,39.4,11.59
334,zaysan,92,KZ,1578774837,88,47.47,84.87,1.09,2.68
335,barkly west,10,ZA,1578774837,64,-28.54,24.52,69.8,3.36
336,kaitangata,82,NZ,1578774837,66,-46.28,169.85,64.0,8.99
337,ayan,100,RU,1578774726,74,56.45,138.17,-1.44,6.71
338,lakshmipur,0,BD,1578774838,71,22.95,90.83,59.45,7.09
339,vallenar,100,CL,1578774838,40,-28.57,-70.76,75.67,10.87
340,iwaki,96,JP,1578774838,59,37.05,140.88,38.64,1.99
341,kyzyl-suu,100,KG,1578774838,56,42.34,78.0,24.93,4.99
342,tual,67,ID,1578774838,74,-5.67,132.75,82.62,6.85
343,tiksi,23,RU,1578774839,87,71.69,128.87,-17.9,4.94
344,port lincoln,41,AU,1578774839,79,-34.73,135.87,61.43,15.28
345,mayor pablo lagerenza,100,PY,1578774839,49,-19.93,-60.77,92.53,7.02
346,varginha,100,BR,1578774839,93,-21.55,-45.43,73.56,5.41
347,calabaca,100,PH,1578774839,78,14.3,122.43,79.43,13.65
348,half moon bay,1,US,1578774588,66,37.46,-122.43,55.18,17.22
349,sobolevo,34,RU,1578774839,88,54.43,31.9,26.11,5.77
350,camacha,75,PT,1578774840,63,33.08,-16.33,61.83,10.29
351,sao joao do piaui,86,BR,1578774840,81,-8.36,-42.25,77.85,1.57
352,henties bay,72,NA,1578774840,89,-22.12,14.28,64.0,1.99
353,airai,100,TL,1578774840,87,-8.93,125.41,67.69,4.79
354,pindiga,0,NG,1578774840,25,9.98,10.93,79.21,8.68
355,aklavik,20,CA,1578774840,74,68.22,-135.01,-19.64,2.24
356,khandyga,60,RU,1578774841,99,62.67,135.6,-24.09,1.95
357,vanimo,100,PG,1578774841,81,-2.67,141.3,80.8,8.5
358,acari,50,PE,1578774841,73,-15.43,-74.62,68.85,9.35
359,leningradskiy,100,RU,1578774841,91,69.38,178.42,-1.21,14.94
360,kampene,100,CD,1578774841,99,-3.6,26.67,67.57,1.77
361,opuwo,100,NA,1578774842,55,-18.06,13.84,69.8,9.62
362,oksfjord,90,NO,1578774842,79,70.24,22.35,26.04,19.46
363,villaviciosa,93,ES,1578774842,87,43.48,-5.44,45.72,3.36
364,saint-augustin,100,CA,1578774842,95,51.23,-58.65,27.93,15.17
365,wanning,91,CN,1578774842,90,18.8,110.4,67.12,7.58
366,kamennogorsk,90,RU,1578774842,80,60.95,29.13,32.81,12.75
367,praia da vitoria,20,PT,1578774843,81,38.73,-27.07,53.6,9.95
368,barentu,0,ER,1578774843,55,15.11,37.59,52.65,3.91
369,touros,40,BR,1578774754,69,-5.2,-35.46,82.4,14.99
370,harindanga,0,IN,1578774843,93,22.04,88.32,53.6,5.82
371,baoshan,0,CN,1578774843,89,46.56,131.42,-3.42,8.05
372,zhezkazgan,48,KZ,1578774843,99,47.8,67.71,4.98,1.54
373,rangapara,0,IN,1578774843,68,26.82,92.65,52.56,4.12
374,santos reyes nopala,5,MX,1578774844,79,16.11,-97.16,87.8,9.17
375,rundu,100,NA,1578774844,88,-17.93,19.77,73.4,3.36
376,mbandaka,0,CD,1578774844,78,0.05,18.26,74.34,2.26
377,pareora,43,NZ,1578774844,78,-44.49,171.21,62.01,7.0
378,mount isa,81,AU,1578774844,42,-20.73,139.5,84.2,5.82
379,berezanka,53,UA,1578774844,90,46.85,31.39,38.34,13.2
380,creel,0,MX,1578774845,14,27.75,-107.63,60.55,9.91
381,mangaratiba,75,BR,1578774845,63,-22.96,-44.04,92.64,8.05
382,darnah,98,LY,1578774845,56,32.77,22.64,59.23,1.14
383,dmytrivka,100,UA,1578774845,86,45.97,28.99,37.8,15.35
384,fare,40,PF,1578774845,77,-16.7,-151.02,81.77,17.67
385,boditi,85,ET,1578774845,63,6.97,37.87,68.18,1.57
386,caibarien,75,CU,1578774846,62,22.52,-79.47,84.2,18.34
387,mabaruma,0,GY,1578774846,70,8.2,-59.78,80.26,5.95
388,laguna,20,US,1578774846,62,38.42,-121.42,54.61,5.82
389,bontang,100,ID,1578774846,90,0.13,117.5,76.05,7.23
390,nakhon phanom,70,TH,1578774846,87,17.41,104.78,62.78,4.7
391,moron,74,AR,1578774846,31,-34.65,-58.62,90.7,5.82
392,pakhtakoron,100,TJ,1578774846,66,40.16,68.75,35.31,3.2
393,saint-pierre,86,RE,1578774847,88,-21.34,55.48,72.12,17.22
394,urucara,87,BR,1578774847,54,-2.54,-57.76,90.79,1.97
395,lujan,46,AR,1578774847,48,-34.57,-59.1,90.52,10.29
396,krasnoarmeysk,100,RU,1578774847,98,51.02,45.7,28.0,1.99
397,manacapuru,40,BR,1578774847,94,-3.3,-60.62,86.0,6.93
398,bunia,75,CD,1578774847,45,1.57,30.25,74.41,5.88
399,chapais,40,CA,1578774848,77,49.78,-74.85,3.2,13.87
400,port keats,82,AU,1578774848,85,-14.25,129.55,78.64,9.24
401,wainwright,100,CA,1578774667,95,52.84,-110.86,-4.05,7.36
402,gazli,100,UZ,1578774848,71,40.13,63.45,37.13,8.37
403,itoman,75,JP,1578774848,77,26.12,127.67,69.15,13.87
404,luanda,20,AO,1578774659,74,-8.84,13.23,80.6,2.24
405,byron bay,90,AU,1578774848,94,-28.65,153.62,70.86,13.87
406,usolye,96,RU,1578774849,96,59.43,56.68,23.0,4.5
407,olavarria,0,AR,1578774849,29,-36.89,-60.32,87.01,3.0
408,humberto de campos,98,BR,1578774849,83,-2.6,-43.46,78.82,5.77
409,noshiro,100,JP,1578774849,62,40.2,140.02,39.65,7.83
410,ensenada,0,MX,1578774849,74,31.87,-116.62,63.0,3.0
411,salinas,40,US,1578774707,71,36.68,-121.66,54.57,5.82
412,hovd,0,MN,1578774849,86,48.01,91.64,-9.13,1.01
413,kashi,40,CN,1578774850,73,39.45,75.98,24.8,6.71
414,yenotayevka,100,RU,1578774850,94,47.25,47.03,30.7,14.18
415,ossora,100,RU,1578774786,73,59.24,163.07,10.81,10.47
416,cherskiy,100,RU,1578774850,98,68.75,161.3,-11.51,4.88
417,inhambane,40,MZ,1578774850,78,-23.86,35.38,82.4,6.93
418,srandakan,100,ID,1578774850,91,-7.94,110.25,73.44,3.44
419,tyler,90,US,1578774850,74,32.35,-95.3,35.85,12.75
420,filingue,0,NE,1578774851,23,14.35,3.32,79.47,5.19
421,port-gentil,20,GA,1578774851,94,-0.72,8.78,80.6,2.24
422,sechura,0,PE,1578774851,84,-5.56,-80.82,71.51,19.08
423,nyurba,70,RU,1578774852,91,63.28,118.33,2.12,7.25
424,nagato,75,JP,1578774852,87,34.38,131.2,46.98,3.36
425,aykhal,0,RU,1578774852,84,66.0,111.5,1.4,8.95
426,calama,93,CL,1578774852,8,-22.47,-68.93,82.4,24.16
427,alta floresta,40,BR,1578774604,49,-9.88,-56.09,93.2,2.24
428,ballitoville,90,ZA,1578774623,83,-29.54,31.21,72.23,6.93
429,tombouctou,100,ML,1578774852,16,20.0,-3.0,58.77,9.51
430,huarmey,0,PE,1578774853,57,-10.07,-78.15,77.29,10.78
431,port arthur,100,CN,1578774853,53,38.8,121.27,24.8,11.18
432,iglesias,75,IT,1578774853,93,39.31,8.54,52.74,3.36
433,olinda,40,BR,1578774853,66,-8.01,-34.86,84.2,8.05
434,luocheng,0,CN,1578774853,70,29.38,104.03,44.44,1.72
435,old town,90,US,1578774853,76,44.93,-68.65,52.3,14.99
436,tsabong,94,BW,1578774854,50,-26.02,22.4,81.32,10.58
437,lukovetskiy,90,RU,1578774854,92,64.3,41.92,23.0,8.95
438,bilibino,100,RU,1578774854,98,68.05,166.44,-5.03,1.36
439,valente,64,BR,1578774854,50,-11.41,-39.46,84.51,10.58
440,kalat,98,PK,1578774854,69,29.02,66.59,36.01,3.51
441,sibolga,74,ID,1578774854,95,1.74,98.78,68.76,3.2
442,banda aceh,93,ID,1578774855,89,5.56,95.32,71.76,2.89
443,nizwa,96,OM,1578774711,61,22.93,57.53,54.82,4.45
444,college place,90,US,1578774855,70,46.05,-118.39,43.39,27.51
445,akureyri,0,IS,1578774855,63,65.68,-18.09,26.6,24.16
446,plettenberg bay,0,ZA,1578774855,79,-34.05,23.37,69.93,7.43
447,banjarmasin,100,ID,1578774604,84,-3.32,114.59,79.23,10.6
448,bartica,75,GY,1578774856,62,6.4,-58.62,84.2,16.11
449,auki,100,SB,1578774856,74,-8.77,160.7,84.36,15.95
450,mahina,90,PF,1578774856,66,-17.51,-149.49,84.09,6.93
451,port hedland,100,AU,1578774856,74,-20.32,118.57,84.2,6.93
452,tshikapa,39,CD,1578774856,96,-6.42,20.8,67.53,1.97
453,pinega,100,RU,1578774856,93,64.7,43.39,22.62,9.33
454,lagoa,100,PT,1578774857,64,39.05,-27.98,55.45,12.77
455,abu samrah,100,SY,1578774857,80,35.3,37.18,45.18,7.92
456,pingliang,0,CN,1578774857,74,35.54,106.69,21.0,2.3
457,coihaique,40,CL,1578774857,49,-45.58,-72.07,68.0,10.29
458,bandarbeyla,0,SO,1578774857,74,9.49,50.81,78.37,10.02
459,myitkyina,0,MM,1578774857,79,25.38,97.4,51.75,3.6
460,ardakan,90,IR,1578774857,97,32.31,54.02,32.0,6.93
461,saint-louis,100,SN,1578774858,9,16.33,-15.0,70.36,11.1
462,kabo,0,CF,1578774858,19,7.7,18.63,75.16,4.09
463,skibbereen,40,IE,1578774858,93,51.55,-9.27,46.4,10.29
464,swellendam,0,ZA,1578774858,77,-34.02,20.44,67.08,3.22
465,hamilton,90,US,1578774798,100,39.18,-84.53,60.49,11.41
466,malinovoye ozero,99,RU,1578774858,84,51.68,79.78,12.25,11.99
467,biak,100,ID,1578774858,93,-0.91,122.88,76.28,2.37
468,tanout,0,NE,1578774859,23,14.97,8.89,71.13,11.27
469,dickinson,1,US,1578774745,50,29.46,-95.05,53.76,13.87
470,tocopilla,0,CL,1578774859,33,-22.09,-70.2,74.7,9.75
471,seoul,90,KR,1578774859,74,37.57,126.98,26.8,3.83
472,porto novo,20,BJ,1578774859,88,6.5,2.6,82.4,5.82
473,berdigestyakh,100,RU,1578774859,96,62.1,126.7,6.19,4.74
474,egvekinot,100,RU,1578774860,97,66.32,-179.17,4.1,3.6
475,moose factory,1,CA,1578774860,64,51.26,-80.61,-4.0,8.05
476,amarillo,1,US,1578774742,31,35.22,-101.83,44.35,19.46
477,hoima,66,UG,1578774860,38,1.44,31.34,70.74,4.38
478,tilichiki,100,RU,1578774860,92,60.47,166.1,6.71,15.35
479,isiro,86,CD,1578774860,38,2.77,27.62,65.19,0.45
480,coronado,20,US,1578774860,67,32.69,-117.18,60.78,6.93
481,zima,0,RU,1578774861,98,53.92,102.04,-9.04,3.74
482,saint-gaudens,0,FR,1578774861,100,43.08,0.67,36.27,3.36
483,bosaso,69,SO,1578774861,74,11.28,49.18,78.67,3.87
484,aleksandrovsk-sakhalinskiy,100,RU,1578774861,92,50.9,142.16,10.99,2.91
485,belle glade,75,US,1578774619,69,26.68,-80.67,79.95,12.75
486,teluknaga,40,ID,1578774861,83,-6.1,106.64,77.52,8.05
487,pacifica,1,US,1578774862,66,37.61,-122.49,55.33,17.22
488,sept-iles,90,CA,1578774862,92,50.2,-66.38,27.34,2.24
489,orsha,67,BY,1578774862,85,54.52,30.41,28.17,5.21
490,cairns,100,AU,1578774862,94,-16.92,145.77,74.19,7.29
491,duluth,90,US,1578774862,78,46.78,-92.11,14.07,23.04
492,taltal,45,CL,1578774862,64,-25.4,-70.48,68.99,8.61
493,kayes,60,ML,1578774862,17,14.0,-11.0,77.92,9.62
494,jalaun,0,IN,1578774863,56,26.15,79.34,49.55,3.02
495,thinadhoo,37,MV,1578774863,76,0.53,72.93,82.29,17.43
496,hambantota,0,LK,1578774863,82,6.12,81.12,79.05,25.64
497,pendleton,90,US,1578774863,49,45.67,-118.79,43.61,34.45
498,ordynskoye,100,RU,1578774863,90,54.37,81.9,9.55,8.32
499,lokosovo,98,RU,1578774864,91,61.13,74.82,10.78,9.42
500,carolina,40,PR,1578774864,69,18.38,-65.96,79.03,21.92
501,sosnovo-ozerskoye,100,RU,1578774864,100,52.52,111.54,-14.82,7.45
502,juruti,95,BR,1578774864,53,-2.15,-56.09,89.08,3.27
503,adamas,77,GR,1578774864,87,36.73,24.43,48.2,4.7
504,omboue,45,GA,1578774864,90,-1.57,9.26,76.01,1.32
505,soke,0,ML,1578774864,19,13.6,-5.94,75.02,10.33
506,namibe,97,AO,1578774865,76,-15.2,12.15,73.22,7.83
507,jati,0,PK,1578774865,26,24.35,68.27,59.63,11.99
508,popondetta,100,PG,1578774865,93,-8.75,148.25,72.59,2.24
509,lethem,23,GY,1578774865,35,3.38,-59.8,93.49,16.02
510,bathsheba,40,BB,1578774865,62,13.22,-59.52,84.2,21.92
511,zhanaozen,32,KZ,1578774866,89,43.3,52.8,27.34,1.5
512,malabo,20,GQ,1578774866,88,3.75,8.78,80.6,4.7
513,gimli,99,CA,1578774780,79,50.63,-96.99,-2.52,8.59
514,morondava,79,MG,1578774866,88,-20.28,44.28,77.29,2.15
515,juegang,0,CN,1578774866,83,32.32,121.19,37.99,11.34
516,harper,30,LR,1578774866,85,4.38,-7.72,77.04,2.01
517,mtwara,17,TZ,1578774867,94,-10.27,40.18,73.15,0.83
518,ulaanbaatar,0,MN,1578774867,75,47.91,106.88,-16.6,1.72
519,zyryanka,100,RU,1578774867,98,65.75,150.85,-21.68,8.32
520,port macquarie,90,AU,1578774837,72,-31.43,152.92,67.01,8.05
521,south venice,1,US,1578774867,74,27.05,-82.42,83.01,13.87
522,hoquiam,75,US,1578774868,65,46.98,-123.89,45.52,24.16
523,bakel,100,SN,1578774868,11,14.9,-12.46,77.02,11.9
524,kathu,20,TH,1578774868,83,7.92,98.33,78.8,1.12
525,jiancheng,0,CN,1578774868,86,30.39,104.55,41.0,0.87
526,constantine,75,DZ,1578774575,87,36.37,6.61,44.6,8.05
527,taoudenni,0,ML,1578774868,26,22.68,-3.98,57.49,8.88
528,saint-joseph,86,RE,1578774869,88,-21.37,55.62,72.16,17.22
529,la ronge,75,CA,1578774869,76,55.1,-105.28,-7.6,8.05
530,san carlos de bariloche,40,AR,1578774816,33,-41.15,-71.31,75.2,20.8
531,bemidji,1,US,1578774851,59,47.47,-94.88,2.61,4.7
532,yanam,36,IN,1578774869,94,16.73,82.22,69.1,3.02
533,cabedelo,40,BR,1578774869,65,-6.98,-34.83,82.4,12.75
534,ardon,90,RU,1578774869,60,43.17,44.29,39.2,4.47
535,muisne,75,EC,1578774870,79,0.6,-80.03,84.2,8.05
536,kununurra,79,AU,1578774870,83,-15.77,128.73,80.6,3.36
537,anloga,20,GH,1578774870,83,5.79,0.9,82.4,5.82
538,bull savanna,0,JM,1578774870,60,17.89,-77.59,76.95,16.13
539,atambua,100,ID,1578774870,92,-9.11,124.89,75.2,6.04
540,comodoro rivadavia,7,AR,1578774871,35,-45.87,-67.5,71.6,14.99
541,el alto,83,PE,1578774871,100,-4.27,-81.21,62.6,16.11
542,amboasary,40,MG,1578774871,83,-25.03,46.38,78.8,18.34
543,bambanglipuro,100,ID,1578774871,91,-7.95,110.28,73.44,3.44
544,palmer,75,US,1578774871,59,42.16,-72.33,61.43,16.11
545,mocuba,6,MZ,1578774871,97,-16.84,36.99,75.13,3.71
546,bereda,82,ES,1578774872,100,43.27,-7.54,39.88,4.7
547,nago,90,JP,1578774872,77,26.59,127.98,69.28,11.41
548,shimoda,47,JP,1578774872,89,34.67,138.95,36.07,4.9
549,lata,0,PT,1578774872,81,40.16,-8.33,42.94,2.24
550,pimentel,20,PE,1578774872,29,-6.84,-79.93,66.2,25.28
551,kayerkan,75,RU,1578774872,84,69.35,87.76,8.6,35.79
552,jhargram,0,IN,1578774873,66,22.45,86.98,56.32,7.49
553,yulara,100,AU,1578774873,49,-25.24,130.99,71.6,13.87
554,lalibela,0,ET,1578774873,40,12.03,39.03,57.11,2.28
555,kanigoro,100,ID,1578774873,91,-8.13,112.22,73.69,3.02
556,cortez,1,US,1578774873,37,37.35,-108.59,30.78,4.94
557,shache,100,CN,1578774873,66,38.42,77.24,21.45,5.14
558,wukari,38,NG,1578774874,25,7.85,9.78,81.46,1.9
559,ati,69,TD,1578774874,20,13.22,18.34,76.41,13.4
560,lakes entrance,94,AU,1578774874,66,-37.88,147.98,55.99,1.99
561,cacoal,26,BR,1578774603,87,-11.44,-61.45,84.02,2.91
562,jumla,0,NP,1578774874,62,29.27,82.18,24.55,5.79
563,tabou,30,CI,1578774874,85,4.42,-7.35,77.04,2.01
564,lashma,25,RU,1578774875,95,54.93,41.14,22.91,3.89
565,ternate,100,ID,1578774875,90,0.8,127.4,74.75,3.18
566,rosarito,1,MX,1578774875,63,32.33,-117.03,61.39,4.7
567,buin,0,CL,1578774875,17,-33.73,-70.75,90.79,8.05
568,pingxiang,1,CN,1578774875,95,27.62,113.85,32.47,0.38
569,san quintin,0,MX,1578774875,64,30.48,-115.95,61.54,16.62
570,valdez,19,EC,1578774876,77,1.25,-78.98,82.33,7.25
571,toamasina,20,MG,1578774876,88,-18.17,49.38,78.8,5.73
572,honiara,75,SB,1578774876,100,-9.43,159.95,75.2,4.21
573,manthani,0,IN,1578774876,57,18.65,79.67,61.75,5.68
574,tuy hoa,63,VN,1578774877,77,13.08,109.3,76.15,14.03
575,peniche,0,PT,1578774877,81,39.36,-9.38,49.23,2.24
576,keti bandar,0,PK,1578774877,33,24.14,67.45,61.72,13.8
577,the valley,20,AI,1578774877,65,18.22,-63.06,80.73,17.22
578,ust-kut,93,RU,1578774726,98,56.79,105.77,-4.67,3.24
579,sisimiut,100,GL,1578774877,49,66.94,-53.67,-3.03,12.33
580,mamit,0,IN,1578774877,87,23.93,92.48,50.63,2.08
581,sistranda,75,NO,1578774878,81,63.73,8.83,46.8,18.34
582,greencastle,90,US,1578774878,93,39.64,-86.86,41.79,13.87
